{
  "meta": {
    "config": "tivit/configs/dataset/pianovam.yaml",
    "split": "train"
  },
  "bands": {
    "pitch": [
      2.0,
      4.0
    ],
    "onset": [
      3.0,
      5.0
    ],
    "offset": [
      3.0,
      5.0
    ]
  },
  "weights": {
    "pitch": [
      4.0,
      4.0,
      4.0,
      4.0,
      4.0,
      4.0,
      4.0,
      4.0,
      4.0,
      4.0,
      3.241339683532715,
      4.0,
      4.0,
      4.0,
      2.1173980236053467,
      2.398383378982544,
      2.5719330310821533,
      4.0,
      2.265918731689453,
      2.0168874263763428,
      4.0,
      2.125662326812744,
      2.0438952445983887,
      4.0,
      2.416708469390869,
      2.041335105895996,
      2.0723342895507812,
      2.0760765075683594,
      2.338172197341919,
      2.01522159576416,
      2.1921281814575195,
      2.0250742435455322,
      2.0147910118103027,
      2.115473508834839,
      2.006396532058716,
      2.03405499458313,
      2.0,
      2.047642946243286,
      2.03934645652771,
      2.0626296997070312,
      2.1117782592773438,
      2.007100820541382,
      2.074169397354126,
      2.0082225799560547,
      2.050740957260132,
      2.1876442432403564,
      2.009120225906372,
      2.0290470123291016,
      2.068864107131958,
      2.037841796875,
      2.1235063076019287,
      2.081188440322876,
      2.030998706817627,
      2.0290470123291016,
      2.0293171405792236,
      2.0250742435455322,
      2.064107656478882,
      2.064866065979004,
      2.0282528400421143,
      2.04571795463562,
      2.0357162952423096,
      2.0633623600006104,
      2.1235063076019287,
      2.052961587905884,
      2.059144973754883,
      2.0801243782043457,
      2.17524790763855,
      2.125662326812744,
      2.6512701511383057,
      2.3257148265838623,
      4.0,
      2.50929856300354,
      2.81986141204834,
      4.0,
      2.212148904800415,
      3.4219729900360107,
      3.241339683532715,
      4.0,
      4.0,
      2.2297921180725098,
      2.755018711090088,
      3.241339683532715,
      2.50929856300354,
      4.0,
      4.0,
      4.0,
      4.0,
      4.0
    ],
    "onset": [
      5.0,
      5.0,
      5.0,
      5.0,
      5.0,
      5.0,
      5.0,
      5.0,
      5.0,
      5.0,
      4.41329288482666,
      5.0,
      5.0,
      5.0,
      3.1909854412078857,
      3.4354469776153564,
      4.41329288482666,
      5.0,
      3.679908275604248,
      3.0149731636047363,
      5.0,
      3.4354469776153564,
      3.093200922012329,
      5.0,
      4.41329288482666,
      3.1746881008148193,
      3.0702273845672607,
      3.156062364578247,
      3.459892988204956,
      3.0065672397613525,
      3.679908275604248,
      3.1298701763153076,
      3.0140726566314697,
      3.239877700805664,
      3.0,
      3.0358057022094727,
      3.0,
      3.1298701763153076,
      3.0462074279785156,
      3.0834224224090576,
      3.239877700805664,
      3.0398638248443604,
      3.1909854412078857,
      3.010296583175659,
      3.0618879795074463,
      3.2887699604034424,
      3.0342793464660645,
      3.102090358734131,
      3.091135025024414,
      3.079866647720337,
      3.1604278087615967,
      3.1366608142852783,
      3.07486629486084,
      3.0557515621185303,
      3.044308662414551,
      3.032804489135742,
      3.1044838428497314,
      3.1909854412078857,
      3.0891265869140625,
      3.0816211700439453,
      3.0557515621185303,
      3.1697280406951904,
      3.4354469776153564,
      3.1402482986450195,
      3.1298701763153076,
      3.1909854412078857,
      3.341423273086548,
      3.2097902297973633,
      4.41329288482666,
      3.679908275604248,
      5.0,
      3.8021390438079834,
      4.41329288482666,
      5.0,
      3.679908275604248,
      4.41329288482666,
      4.41329288482666,
      5.0,
      5.0,
      3.5169339179992676,
      3.8799221515655518,
      4.41329288482666,
      3.679908275604248,
      5.0,
      5.0,
      5.0,
      5.0,
      5.0
    ],
    "offset": [
      5.0,
      5.0,
      5.0,
      5.0,
      5.0,
      5.0,
      5.0,
      5.0,
      5.0,
      5.0,
      4.121157169342041,
      5.0,
      5.0,
      5.0,
      3.1596884727478027,
      3.4050631523132324,
      5.0,
      4.316455841064453,
      3.535262107849121,
      3.0079565048217773,
      5.0,
      3.4962024688720703,
      3.077531576156616,
      5.0,
      4.121157169342041,
      3.154430389404297,
      3.0470163822174072,
      3.1494288444519043,
      3.339963912963867,
      3.007131338119507,
      3.8607594966888428,
      3.154430389404297,
      3.0134494304656982,
      3.2056961059570312,
      3.0,
      3.0313923358917236,
      3.0019474029541016,
      3.113417625427246,
      3.0348100662231445,
      3.0755598545074463,
      3.2056961059570312,
      3.0481927394866943,
      3.253164529800415,
      3.009239673614502,
      3.053196668624878,
      3.242314577102661,
      3.029003381729126,
      3.1041319370269775,
      3.07956600189209,
      3.0699925422668457,
      3.131645679473877,
      3.1238889694213867,
      3.0665462017059326,
      3.053196668624878,
      3.040506362915039,
      3.0375664234161377,
      3.0838348865509033,
      3.2139649391174316,
      3.0717928409576416,
      3.073647975921631,
      3.0493979454040527,
      3.2227847576141357,
      3.4962024688720703,
      3.1238889694213867,
      3.154430389404297,
      3.232213020324707,
      3.27746844291687,
      3.2227847576141357,
      4.121157169342041,
      3.535262107849121,
      5.0,
      3.5803310871124268,
      5.0,
      5.0,
      3.9746835231781006,
      4.121157169342041,
      4.121157169342041,
      5.0,
      5.0,
      3.632911443710327,
      3.695051670074463,
      4.589873313903809,
      3.695051670074463,
      5.0,
      5.0,
      5.0,
      5.0,
      5.0
    ]
  }
}